<?xml version="1.0" encoding="UTF-8"?>
<!--
/**
* Copyright 2016 aheadWorks. All rights reserved.
* See LICENSE.txt for license details.
*/
-->

<config xmlns:xsi="http://www.w3.org/2001/XMLSchema-instance" xsi:noNamespaceSchemaLocation="urn:magento:framework:ObjectManager/etc/config.xsd">
    <type name="Magento\Checkout\Model\CompositeConfigProvider">
        <arguments>
            <argument name="configProviders" xsi:type="array">
                <item name="aw_reward_points_config_provider" xsi:type="object">Aheadworks\RewardPoints\Model\ConfigProvider</item>
            </argument>
        </arguments>
    </type>
    <type name="Magento\Newsletter\Controller\Manage\Save">
        <plugin name="aw_reward_points_save_subscription" type="Aheadworks\RewardPoints\Plugin\Controller\Newsletter\Manage\SavePlugin" />
    </type>
</config>