<?xml version="1.0" encoding="UTF-8"?>
<!--
/**
* Copyright 2016 aheadWorks. All rights reserved.
* See LICENSE.txt for license details.
*/
-->

<config xmlns:xsi="http://www.w3.org/2001/XMLSchema-instance" xsi:noNamespaceSchemaLocation="urn:magento:framework:Event/etc/events.xsd">
    <event name="payment_cart_collect_items_and_amounts">
        <observer name="rewardpoints_cart_amount" instance="Aheadworks\RewardPoints\Observer\AddPaymentRewardPointsCardItem" />
    </event>
    <event name="sales_order_creditmemo_refund">
        <observer name="rewardpoints_refund_amount" instance="Aheadworks\RewardPoints\Observer\Refund" />
    </event>
    <event name="sales_order_invoice_register">
        <observer name="rewardpoints_invoice_register" instance="Aheadworks\RewardPoints\Observer\IncreaseOrderRewardPointsInvoicedAmount" />
    </event>
    <event name="sales_model_service_quote_submit_before">
        <observer name="rewardpointsreedem" instance="Aheadworks\RewardPoints\Observer\RedeemForOrder" />
    </event>
    <event name="adminhtml_sales_order_creditmemo_register_before">
        <observer name="reward_points_creditmemo_register" instance="Aheadworks\RewardPoints\Observer\SetRefundToRewardPoints"/>
    </event>
    <event name="sales_order_load_after">
        <observer name="reward_points_sales_order_load_after" instance="Aheadworks\RewardPoints\Observer\SalesOrderLoadAfter"/>
    </event>
</config>