<?xml version="1.0"?>
<!--
/**
* Copyright 2016 aheadWorks. All rights reserved.
* See LICENSE.txt for license details.
*/
-->

<config xmlns:xsi="http://www.w3.org/2001/XMLSchema-instance" xsi:noNamespaceSchemaLocation="urn:magento:framework:Api/etc/extension_attributes.xsd">
    <extension_attributes for="Magento\Quote\Api\Data\TotalsInterface">
        <attribute code="aw_reward_points_amount" type="float" />
        <attribute code="base_aw_reward_points_amount" type="float" />
        <attribute code="aw_reward_points" type="int" />
        <attribute code="aw_reward_points_description" type="string" />
        <attribute code="aw_reward_points_shipping_amount" type="float" />
        <attribute code="base_aw_reward_points_shipping_amount" type="float" />
        <attribute code="aw_reward_points_shipping" type="int" />
    </extension_attributes>
    <extension_attributes for="Magento\Sales\Api\Data\OrderInterface">
        <attribute code="aw_use_reward_points" type="int" />
        <attribute code="aw_reward_points_amount" type="float" />
        <attribute code="base_aw_reward_points_amount" type="float" />
        <attribute code="aw_reward_points" type="int" />
        <attribute code="aw_reward_points_shipping_amount" type="float" />
        <attribute code="base_aw_reward_points_shipping_amount" type="float" />
        <attribute code="aw_reward_points_shipping" type="int" />
        <attribute code="aw_reward_points_description" type="string" />
        <attribute code="base_aw_reward_points_invoiced" type="float" />
        <attribute code="aw_reward_points_invoiced" type="float" />
        <attribute code="base_aw_reward_points_refunded" type="float" />
        <attribute code="aw_reward_points_refunded" type="float" />
        <attribute code="aw_reward_points_blnce_invoiced" type="int" />
        <attribute code="aw_reward_points_blnce_refunded" type="int" />
        <attribute code="base_aw_reward_points_refund" type="float" />
        <attribute code="aw_reward_points_refund" type="float" />
        <attribute code="aw_reward_points_blnce_refund" type="int" />
        <attribute code="base_aw_reward_points_reimbursed" type="float" />
        <attribute code="aw_reward_points_reimbursed" type="float" />
        <attribute code="aw_reward_points_blnce_reimbursed" type="int" />
    </extension_attributes>
    <extension_attributes for="Magento\Sales\Api\Data\OrderItemInterface">
        <attribute code="aw_reward_points_amount" type="float" />
        <attribute code="base_aw_reward_points_amount" type="float" />
        <attribute code="aw_reward_points" type="int" />
        <attribute code="base_aw_reward_points_invoiced" type="float" />
        <attribute code="aw_reward_points_invoiced" type="float" />
        <attribute code="aw_reward_points_blnce_invoiced" type="int" />
        <attribute code="base_aw_reward_points_reimbursed" type="float" />
        <attribute code="aw_reward_points_reimbursed" type="float" />
        <attribute code="aw_reward_points_blnce_reimbursed" type="int" />
    </extension_attributes>
</config>
