<?xml version="1.0"?>
<!--
/**
* Copyright 2016 aheadWorks. All rights reserved.
* See LICENSE.txt for license details.
*/
-->

<config xmlns:xsi="http://www.w3.org/2001/XMLSchema-instance" xsi:noNamespaceSchemaLocation="urn:magento:module:Magento_Sales:etc/sales.xsd">
    <section name="quote">
        <group name="totals">
            <item name="aw_reward_points" instance="Aheadworks\RewardPoints\Model\Total\Quote\RewardPoints" sort_order="450"/>
        </group>
    </section>
    <section name="order_invoice">
        <group name="totals">
            <item name="aw_reward_points" instance="Aheadworks\RewardPoints\Model\Total\Invoice\RewardPoints" sort_order="450"/>
        </group>
    </section>
    <section name="order_creditmemo">
        <group name="totals">
            <item name="aw_reward_points" instance="Aheadworks\RewardPoints\Model\Total\Creditmemo\RewardPoints" sort_order="449"/>
        </group>
    </section>
</config>
